-- Import generated from setup-log-2026-06-28.json
-- Replace the placeholder UUID below with your auth.users.id before running.
-- This preserves exported UUIDs so sessions, cars, engines, tracks, and maintenance remain linked.

begin;

do $$
declare
  target_user_id constant uuid := '00000000-0000-0000-0000-000000000000'::uuid;
begin
  if target_user_id = '00000000-0000-0000-0000-000000000000'::uuid then
    raise exception 'Replace target_user_id with your auth.users.id before running this import.';
  end if;

  if not exists (select 1 from auth.users where id = target_user_id) then
    raise exception 'No auth.users row exists for target_user_id %', target_user_id;
  end if;

  insert into public.cars (id, user_id, name, model, year, notes)
  values
  ('65ffe247-529c-4276-9c88-8cd5c8968cc5'::uuid, target_user_id, '160', 'RSR Stanley', 2020, null),
  ('9687184b-b776-4230-a9a5-6f9c0de526cd'::uuid, target_user_id, 'Animal', 'RSR Stanley', 2020, null),
  ('148b47b5-b8b0-4708-b0e0-adfa9c513053'::uuid, target_user_id, 'World', 'RSR Stanley', 2020, null)
  on conflict (id) do update set
    user_id = excluded.user_id,
    name = excluded.name,
    model = excluded.model,
    year = excluded.year,
    notes = excluded.notes;

  insert into public.engines (id, user_id, engine_type_id, name, serial, notes)
  values
  ('5b1a1ce7-a683-4138-a748-f1bd8cbfb2b4'::uuid, target_user_id, (select id from public.engine_types where name = 'Honda 160'), 'Backup 160', null, 'Never been to Pete. Has MBM sticker on it.'),
  ('88ee8940-2706-480f-b014-24e4bc5fb5ea'::uuid, target_user_id, (select id from public.engine_types where name = 'Briggs & Stratton Animal'), 'Animal', null, null),
  ('95ad8cd1-1002-454b-85cc-5147f51445f9'::uuid, target_user_id, (select id from public.engine_types where name = 'Briggs & Stratton World Formula'), 'World', null, null),
  ('aad36dc7-6b30-4c56-becf-da0605e99c70'::uuid, target_user_id, (select id from public.engine_types where name = 'Honda 160'), 'Main 160', null, null),
  ('926d29cf-6b7c-483a-8e93-d5dc01a38c89'::uuid, target_user_id, (select id from public.engine_types where name = 'Honda 160'), 'Hawkins House 160', 'HRE35', 'Pete’s house motor.')
  on conflict (id) do update set
    user_id = excluded.user_id,
    engine_type_id = excluded.engine_type_id,
    name = excluded.name,
    serial = excluded.serial,
    notes = excluded.notes;

  insert into public.car_engine_assignments (user_id, car_id, engine_id, installed_at, notes)
  select * from (values
  (target_user_id, '65ffe247-529c-4276-9c88-8cd5c8968cc5'::uuid, '926d29cf-6b7c-483a-8e93-d5dc01a38c89'::uuid, now(), null),
  (target_user_id, '9687184b-b776-4230-a9a5-6f9c0de526cd'::uuid, '88ee8940-2706-480f-b014-24e4bc5fb5ea'::uuid, now(), null),
  (target_user_id, '148b47b5-b8b0-4708-b0e0-adfa9c513053'::uuid, '95ad8cd1-1002-454b-85cc-5147f51445f9'::uuid, now(), null)
  ) as imported(user_id, car_id, engine_id, installed_at, notes)
  where not exists (
    select 1 from public.car_engine_assignments existing
    where existing.user_id = imported.user_id
      and existing.car_id = imported.car_id
      and existing.engine_id = imported.engine_id
      and existing.removed_at is null
  );

  insert into public.tracks (id, name, location, surface, length, is_banked, is_system, created_by)
  values
  ('68dc95b3-a166-4352-afec-cfe594302a17'::uuid, 'LWQMA', 'Graham, WA', 'Asphalt and concrete', null, true, false, target_user_id),
  ('dc1d3f8c-61cf-4c2a-a81a-f791e9a200c4'::uuid, 'WQMA', 'Monroe, WA', 'Asphalt', null, true, false, target_user_id)
  on conflict (id) do update set
    name = excluded.name,
    location = excluded.location,
    surface = excluded.surface,
    length = excluded.length,
    is_banked = excluded.is_banked,
    is_system = excluded.is_system,
    created_by = excluded.created_by;

  insert into public.track_notes (user_id, track_id, layout_notes, line_notes, surface_notes, tire_notes, facility_notes, notes)
  values
  (target_user_id, '68dc95b3-a166-4352-afec-cfe594302a17'::uuid, null, null, null, '3.25” stagger is ideal', null, null),
  (target_user_id, 'dc1d3f8c-61cf-4c2a-a81a-f791e9a200c4'::uuid, null, null, null, null, null, 'Increase right side springs by 5lb compared to LWQMA.')
  on conflict (user_id, track_id) do update set
    layout_notes = excluded.layout_notes,
    line_notes = excluded.line_notes,
    surface_notes = excluded.surface_notes,
    tire_notes = excluded.tire_notes,
    facility_notes = excluded.facility_notes,
    notes = excluded.notes;

  insert into public.engine_maintenance (id, user_id, engine_id, maintenance_type_id, maintenance_date, performed_by, cost, notes, created_at, updated_at)
  values
  ('f0367dd0-888f-42ff-b694-4bf5a57acc48'::uuid, target_user_id, '88ee8940-2706-480f-b014-24e4bc5fb5ea'::uuid, (select id from public.maintenance_types where name = 'Oil Change'), '2026-06-19'::date, null, null, 'Changed to Briggs 4T', '2026-06-20T01:58:39.643Z'::timestamptz, '2026-06-20T01:58:39.643Z'::timestamptz),
  ('ccc52981-cb66-468b-b1bc-11242ff59f37'::uuid, target_user_id, '926d29cf-6b7c-483a-8e93-d5dc01a38c89'::uuid, (select id from public.maintenance_types where name = 'Oil Change'), '2026-06-23'::date, null, null, '10oz Hawkins oil in crank case. 
4oz red line lightweight shockproof in gearbox.', '2026-06-23T23:29:38.294Z'::timestamptz, '2026-06-23T23:29:38.294Z'::timestamptz)
  on conflict (id) do update set
    user_id = excluded.user_id,
    engine_id = excluded.engine_id,
    maintenance_type_id = excluded.maintenance_type_id,
    maintenance_date = excluded.maintenance_date,
    performed_by = excluded.performed_by,
    cost = excluded.cost,
    notes = excluded.notes;

  insert into public.sessions (
    id, user_id, car_id, engine_id, track_id, session_date, session_time, session_type, driver, is_baseline, air_temp, humidity, track_temp, track_condition, lr_hub, lf_tire_compound, rf_tire_compound, lr_tire_compound, rr_tire_compound, lf_psi, rf_psi, lr_psi, rr_psi, lf_offset, rf_offset, lr_offset, rr_offset, lf_spring_rate, rf_spring_rate, lr_spring_rate, rr_spring_rate, lf_shock_valving, rf_shock_valving, lr_shock_valving, rr_shock_valving, stagger, tire_notes, lf_weight, rf_weight, lr_weight, rr_weight, lf_ride_height, rf_ride_height, lr_ride_height, rr_ride_height, lf_camber, rf_camber, lf_caster, rf_caster, lf_panhard_holes, rf_panhard_holes, lr_panhard_holes, rr_panhard_holes, left_wheelbase, right_wheelbase, engine_gear, axle_gear, lap_time, total_laps, average_rpm, average_drops, start_position, end_position, lf_tire_temp, rf_tire_temp, lr_tire_temp, rr_tire_temp, handling, changes, next_time, created_at, updated_at
  )
  values
  ('6fe4f193-fd58-445c-9b61-1e5c1f760290'::uuid, target_user_id, '65ffe247-529c-4276-9c88-8cd5c8968cc5'::uuid, 'aad36dc7-6b30-4c56-becf-da0605e99c70'::uuid, '68dc95b3-a166-4352-afec-cfe594302a17'::uuid, '2026-06-07'::date, '11:15'::time, 'Heat', 'Rory', false, 55, 67, null, null, 'Locked', null, null, null, null, 5, 11, 7, 11, null, null, null, null, 100, 105, 125, 95, '3', '3', '2/3', '3RR', 3.12, null, null, null, null, null, null, null, null, null, null, null, null, null, null, null, null, null, null, null, 34, 26, 6.38, 37, 5889, null, 5, 3, null, null, null, null, null, null, null, '2026-06-18T22:26:29.854Z'::timestamptz, '2026-06-18T22:26:29.854Z'::timestamptz),
  ('98561448-205b-448d-bd11-0f9b196a5bab'::uuid, target_user_id, '65ffe247-529c-4276-9c88-8cd5c8968cc5'::uuid, 'aad36dc7-6b30-4c56-becf-da0605e99c70'::uuid, '68dc95b3-a166-4352-afec-cfe594302a17'::uuid, '2026-06-07'::date, '14:57'::time, 'Main', 'Rory', false, 64, 42, null, null, 'Locked', null, null, null, null, 5, 11, 7, 11, null, null, null, null, 100, 105, 125, 95, '3', '3', '2/3', '3RR', 3.12, null, null, null, null, null, null, null, null, null, null, null, null, null, null, null, null, null, null, null, 34, 26, 6.42, 98, 5869, null, 4, 2, null, null, null, null, null, null, null, '2026-06-18T22:27:42.272Z'::timestamptz, '2026-06-18T22:27:42.272Z'::timestamptz),
  ('3a892b75-17f7-4e73-b68c-383491506a5c'::uuid, target_user_id, '65ffe247-529c-4276-9c88-8cd5c8968cc5'::uuid, 'aad36dc7-6b30-4c56-becf-da0605e99c70'::uuid, '68dc95b3-a166-4352-afec-cfe594302a17'::uuid, '2026-06-16'::date, '15:35'::time, 'Practice', 'Rory', false, 75, 50, null, null, 'Locked', null, null, null, null, 5, 11, 7, 11, null, null, null, null, 100, 110, 115, 105, '3', '3', '2/3', '3RR', 3.37, null, null, null, null, null, null, null, null, null, null, null, null, null, null, null, null, null, null, null, 34, 26, 6.56, 23, 5905, 480, null, null, null, null, null, null, null, null, 'Put backup engine in', '2026-06-18T22:33:04.235Z'::timestamptz, '2026-06-18T22:33:04.235Z'::timestamptz),
  ('45223b7d-92eb-444f-a356-a400c55056ae'::uuid, target_user_id, '65ffe247-529c-4276-9c88-8cd5c8968cc5'::uuid, '5b1a1ce7-a683-4138-a748-f1bd8cbfb2b4'::uuid, '68dc95b3-a166-4352-afec-cfe594302a17'::uuid, '2026-06-16'::date, '16:07'::time, 'Practice', 'Rory', false, 75, 47, null, null, 'Locked', null, null, null, null, 5, 11, 7, 11, null, null, null, null, 100, 110, 115, 105, '3', '3', '2/3', '3RR', 3.37, null, null, null, null, null, null, null, null, null, null, null, null, null, null, null, null, null, null, null, 34, 26, 6.46, 28, 6054, 450, null, null, null, null, null, null, null, null, 'Put backup engine in', '2026-06-18T22:34:33.411Z'::timestamptz, '2026-06-18T22:34:33.411Z'::timestamptz),
  ('f13bc582-b741-4da0-a3f0-2dd0844754bb'::uuid, target_user_id, '65ffe247-529c-4276-9c88-8cd5c8968cc5'::uuid, '5b1a1ce7-a683-4138-a748-f1bd8cbfb2b4'::uuid, '68dc95b3-a166-4352-afec-cfe594302a17'::uuid, '2026-06-18'::date, '15:51'::time, 'Practice', 'Rory', false, 77, 41, null, null, 'Locked', null, null, null, null, 5, 11, 6.5, 11, null, null, null, null, 100, 110, 115, 105, '3', '3', '2/3', '3RR', 3.37, null, null, null, null, null, null, null, null, null, null, null, null, null, null, null, null, null, null, null, 34, 26, 6.41, 19, 5844, 460, null, null, null, null, null, null, null, null, 'Put backup engine in', '2026-06-18T22:59:46.362Z'::timestamptz, '2026-06-18T22:59:46.362Z'::timestamptz),
  ('653599e1-ca82-4586-92f9-741890f37fb8'::uuid, target_user_id, '65ffe247-529c-4276-9c88-8cd5c8968cc5'::uuid, '5b1a1ce7-a683-4138-a748-f1bd8cbfb2b4'::uuid, '68dc95b3-a166-4352-afec-cfe594302a17'::uuid, '2026-06-18'::date, '16:13'::time, 'Practice', 'Rory', false, 77, 41, null, null, 'Locked', null, null, null, null, 5, 11, 6.5, 11, null, null, null, null, 100, 105, 115, 105, '3', '3', '2/3', '3RR', 3.37, null, null, null, null, null, null, null, null, null, null, null, null, null, null, null, null, null, null, null, 34, 26, 6.46, 19, 5818, 460, null, null, null, null, null, null, null, null, 'Put backup engine in', '2026-06-18T23:17:05.532Z'::timestamptz, '2026-06-18T23:17:05.532Z'::timestamptz),
  ('120f402d-7f07-44d8-abb4-5e524f46160c'::uuid, target_user_id, '65ffe247-529c-4276-9c88-8cd5c8968cc5'::uuid, '5b1a1ce7-a683-4138-a748-f1bd8cbfb2b4'::uuid, '68dc95b3-a166-4352-afec-cfe594302a17'::uuid, '2026-06-18'::date, '16:24'::time, 'Practice', 'Rory', false, 77, 41, null, null, 'Locked', null, null, null, null, 5, 11, 6.5, 11, null, null, null, null, 100, 120, 115, 105, '3', '3', '2/3', '3RR', 3.37, null, null, null, null, null, null, null, null, null, null, null, null, null, null, null, null, null, null, null, 34, 26, 6.38, 20, 5818, 488, null, null, null, null, null, null, null, null, null, '2026-06-18T23:25:00.190Z'::timestamptz, '2026-06-18T23:25:00.190Z'::timestamptz),
  ('8c2a0935-e55b-4db7-a495-f59adbb1e0de'::uuid, target_user_id, '65ffe247-529c-4276-9c88-8cd5c8968cc5'::uuid, '5b1a1ce7-a683-4138-a748-f1bd8cbfb2b4'::uuid, '68dc95b3-a166-4352-afec-cfe594302a17'::uuid, '2026-06-18'::date, '16:32'::time, 'Practice', 'Rory', false, 77, 41, null, null, 'Locked', null, null, null, null, 5, 11, 6.5, 11, null, null, null, null, 100, 120, 105, 105, '3', '3', '2/3', '3RR', 3.37, null, null, null, null, null, null, null, null, null, null, null, null, null, null, null, null, null, null, null, 34, 26, 6.42, 18, 5783, 422, null, null, null, null, null, null, 'Better handling coming out of the corners', 'Dropped the LR spring.', 'Gear change. The RPMs dropped for some reason after the spring change.', '2026-06-18T23:36:32.254Z'::timestamptz, '2026-06-18T23:36:32.254Z'::timestamptz),
  ('d7ec0ce4-57d9-4ac8-a0f2-dbafe9bfaf0a'::uuid, target_user_id, '65ffe247-529c-4276-9c88-8cd5c8968cc5'::uuid, '5b1a1ce7-a683-4138-a748-f1bd8cbfb2b4'::uuid, '68dc95b3-a166-4352-afec-cfe594302a17'::uuid, '2026-06-18'::date, '16:54'::time, 'Practice', 'Rory', false, 77, 41, null, null, 'Locked', null, null, null, null, 5, 11, 6.5, 11, null, null, null, null, 100, 120, 105, 105, '3', '3', '2/3', '3RR', 3.37, null, null, null, null, null, null, null, null, null, null, null, null, null, null, null, null, null, null, null, 33, 26, 6.46, 19, 5904, 396, null, null, null, null, null, null, null, null, null, '2026-06-19T00:00:04.743Z'::timestamptz, '2026-06-19T00:00:04.743Z'::timestamptz),
  ('39d060ac-ea08-4590-956c-c67403e33694'::uuid, target_user_id, '65ffe247-529c-4276-9c88-8cd5c8968cc5'::uuid, '5b1a1ce7-a683-4138-a748-f1bd8cbfb2b4'::uuid, '68dc95b3-a166-4352-afec-cfe594302a17'::uuid, '2026-06-18'::date, '17:27'::time, 'Practice', 'Rory', false, 76, 41, null, null, 'Locked', null, null, null, null, 5, 11, 6.5, 11, null, null, null, null, 100, 120, 110, 105, '3', '3', '2/3', '3RR', 3.37, null, null, null, null, null, null, null, null, null, null, null, null, null, null, null, null, null, null, null, 34, 26, 6.44, 22, 5765, 414, null, null, null, null, null, null, null, null, null, '2026-06-19T00:28:49.354Z'::timestamptz, '2026-06-19T00:28:49.354Z'::timestamptz),
  ('488bce23-a572-4d5c-a1b7-1c61537f8ff6'::uuid, target_user_id, '65ffe247-529c-4276-9c88-8cd5c8968cc5'::uuid, '5b1a1ce7-a683-4138-a748-f1bd8cbfb2b4'::uuid, '68dc95b3-a166-4352-afec-cfe594302a17'::uuid, '2026-06-18'::date, '18:07'::time, 'Practice', 'Rory', false, 76, 41, null, null, 'Locked', null, null, null, null, 5, 11, 6.5, 11, null, null, null, null, 100, 120, 115, 115, '3', '3', '2/3', '3RR', 3.37, null, null, null, null, null, null, null, null, null, null, null, null, null, null, null, null, null, null, null, 34, 26, 6.37, 2, 5849, 446, null, null, null, null, null, null, null, null, null, '2026-06-19T01:18:56.836Z'::timestamptz, '2026-06-19T01:18:56.836Z'::timestamptz),
  ('90484bc7-c7ff-464f-85dc-671346a2f668'::uuid, target_user_id, '65ffe247-529c-4276-9c88-8cd5c8968cc5'::uuid, '5b1a1ce7-a683-4138-a748-f1bd8cbfb2b4'::uuid, '68dc95b3-a166-4352-afec-cfe594302a17'::uuid, '2026-06-18'::date, '18:35'::time, 'Practice', 'Rory', false, 76, 41, null, null, 'Locked', null, null, null, null, 5, 11, 6.5, 11, null, null, null, null, 100, 120, 115, 115, '3', '3', '2/3', '3RR', 3.37, null, null, null, null, null, null, null, null, null, null, null, null, null, null, null, null, null, null, null, 34, 26, null, null, null, null, null, null, null, null, null, null, null, 'RF pan hard up 1. 
Newer RR tire. 

Temps on RR and RF are within 10 F. Before it was about 20 apart.', null, '2026-06-19T01:36:15.580Z'::timestamptz, '2026-06-19T01:36:15.580Z'::timestamptz),
  ('1bf8378b-5095-4cbb-883b-50db2fd91d8c'::uuid, target_user_id, '9687184b-b776-4230-a9a5-6f9c0de526cd'::uuid, '88ee8940-2706-480f-b014-24e4bc5fb5ea'::uuid, '68dc95b3-a166-4352-afec-cfe594302a17'::uuid, '2026-06-19'::date, '16:56'::time, 'Practice', 'Rory', false, 81, 39, 131, null, 'Locked', null, null, null, null, 5, 11, 7, 11, null, null, null, null, 100, 110, 115, 100, '3', '3', '2/3', '3RR', 3.25, null, null, null, null, null, 1.75, 2, 1.75, 2, null, null, null, null, null, null, null, null, null, null, 31, 25, 6.49, 25, 6000, 459, null, null, null, null, null, null, null, null, null, '2026-06-20T00:07:08.736Z'::timestamptz, '2026-06-20T00:07:08.736Z'::timestamptz),
  ('3389b804-c57c-4870-ad6e-40d37dee0d05'::uuid, target_user_id, '9687184b-b776-4230-a9a5-6f9c0de526cd'::uuid, '88ee8940-2706-480f-b014-24e4bc5fb5ea'::uuid, '68dc95b3-a166-4352-afec-cfe594302a17'::uuid, '2026-06-19'::date, '17:07'::time, 'Practice', 'Rory', false, 80, 38, null, null, 'Locked', null, null, null, null, 5, 11, 7, 11, null, null, null, null, 100, 120, 115, 100, '3', '3', '2/3', '3RR', 3.25, null, null, null, null, null, 1.75, 2, 1.75, 2, null, null, null, null, null, null, null, null, null, null, 31, 25, 6.47, 23, 6053, 1300, null, null, null, null, null, null, 'RPMs went up a bit. Was hitting the chip more than last time. Probably a good change.', null, null, '2026-06-20T00:29:36.435Z'::timestamptz, '2026-06-20T00:29:36.435Z'::timestamptz),
  ('4bb19389-2edf-4db7-8b62-4962b3f3c706'::uuid, target_user_id, '9687184b-b776-4230-a9a5-6f9c0de526cd'::uuid, '88ee8940-2706-480f-b014-24e4bc5fb5ea'::uuid, '68dc95b3-a166-4352-afec-cfe594302a17'::uuid, '2026-06-19'::date, '17:29'::time, 'Practice', 'Rory', false, 81, 40, 100, null, 'Locked', null, null, null, null, 5, 11, 7, 11, null, null, null, null, 100, 120, 115, 115, '3', '3', '2/3', '3RR', 3.25, null, null, null, null, null, 1.75, 2, 1.75, 2, null, null, null, null, null, null, null, null, null, null, 30, 24, 6.41, 30, 6008, 1255, null, null, null, null, null, null, null, null, null, '2026-06-20T01:12:58.393Z'::timestamptz, '2026-06-20T01:12:58.393Z'::timestamptz),
  ('54b1983e-ccb4-4da5-8730-cd2413b5ba37'::uuid, target_user_id, '9687184b-b776-4230-a9a5-6f9c0de526cd'::uuid, '88ee8940-2706-480f-b014-24e4bc5fb5ea'::uuid, '68dc95b3-a166-4352-afec-cfe594302a17'::uuid, '2026-06-19'::date, '19:00'::time, 'Practice', 'Rory', false, 80, 42, 93, null, 'Locked', null, null, null, null, 5, 11, 7, 11, null, null, null, null, 100, 120, 115, 115, '3', '3', '2/3', '3RR', 3.25, 'Newer (used) right sides', null, null, null, null, 1.75, 2, 1.75, 2, null, null, null, null, null, null, null, null, null, null, 30, 24, 6.4, 19, 6021, 471, null, null, null, null, null, null, 'Track in full shade now.', null, null, '2026-06-20T02:03:40.541Z'::timestamptz, '2026-06-20T02:03:40.541Z'::timestamptz),
  ('c0b4a188-6ee7-49e1-998a-f245f3832aa6'::uuid, target_user_id, '9687184b-b776-4230-a9a5-6f9c0de526cd'::uuid, '88ee8940-2706-480f-b014-24e4bc5fb5ea'::uuid, '68dc95b3-a166-4352-afec-cfe594302a17'::uuid, '2026-06-19'::date, '19:10'::time, 'Practice', 'Rory', false, 80, 42, 90, null, 'Locked', null, null, null, null, 5, 11, 7, 11, null, null, null, null, 100, 120, 115, 115, '3', '3', '2/3', '3RR', 3.25, 'Newer (used) right sides', null, null, null, null, 1.75, 2, 1.75, 2, null, null, null, null, null, null, null, null, null, null, 30, 24, 6.42, null, 6008, 482, null, null, null, null, null, null, null, null, null, '2026-06-20T02:12:30.824Z'::timestamptz, '2026-06-20T02:12:30.824Z'::timestamptz),
  ('1ef74949-9476-4920-b64d-d2338d4f2acd'::uuid, target_user_id, '9687184b-b776-4230-a9a5-6f9c0de526cd'::uuid, '88ee8940-2706-480f-b014-24e4bc5fb5ea'::uuid, '68dc95b3-a166-4352-afec-cfe594302a17'::uuid, '2026-06-19'::date, '19:18'::time, 'Practice', 'Rory', false, 80, 42, 90, null, 'Locked', null, null, null, null, 5, 11, 7, 11, null, null, null, null, 100, 120, 115, 115, '3', '3', '2/3', '3RR', 3.25, 'Newer (used) right sides', null, null, null, null, 1.75, 2, 1.75, 2, null, null, null, null, null, null, null, null, null, null, 30, 24, 6.45, 15, 6000, 500, null, null, null, null, null, null, null, null, null, '2026-06-20T02:23:07.293Z'::timestamptz, '2026-06-20T02:23:07.293Z'::timestamptz),
  ('ae207cd5-0201-40f0-a5b2-d3cd2882fb42'::uuid, target_user_id, '9687184b-b776-4230-a9a5-6f9c0de526cd'::uuid, '88ee8940-2706-480f-b014-24e4bc5fb5ea'::uuid, '68dc95b3-a166-4352-afec-cfe594302a17'::uuid, '2026-06-20'::date, '11:20'::time, 'Heat', 'Rory', false, 63, 61, 118, null, 'Locked', null, null, null, null, 5, 12, 7, 12, null, null, null, null, 100, 120, 115, 115, '3', '3', '2/3', '3RR', 3.37, 'New tires', 56, 37, 80, 52, 1.75, 2, 1.75, 2, null, null, null, null, null, null, null, null, null, null, 30, 24, 6.4, 30, 6050, 1294, 5, 2, null, null, null, null, 'Rpms are too high. Hitting g the chip', null, null, '2026-06-20T15:24:21.314Z'::timestamptz, '2026-06-20T15:24:21.314Z'::timestamptz),
  ('66b10b17-b542-4772-8f9f-2b76f3bf4d11'::uuid, target_user_id, '65ffe247-529c-4276-9c88-8cd5c8968cc5'::uuid, '5b1a1ce7-a683-4138-a748-f1bd8cbfb2b4'::uuid, '68dc95b3-a166-4352-afec-cfe594302a17'::uuid, '2026-06-20'::date, '11:40'::time, 'Heat', 'Rory', true, 62, 61, 115, null, 'Locked', null, null, null, null, 5, 12, 6.5, 12, null, null, null, null, 100, 120, 115, 115, '3', '3', '2/3', '3RR', 3.37, null, 51, 33, 76, 47, 1.75, 2, 1.75, 2, null, null, null, null, null, null, null, null, null, null, 34, 26, 6.31, 48, 5843, 467, 5, 1, null, null, null, null, null, null, null, '2026-06-20T15:41:02.247Z'::timestamptz, '2026-06-20T15:41:02.247Z'::timestamptz),
  ('ba299692-3a03-4194-8948-2dfe46161997'::uuid, target_user_id, '148b47b5-b8b0-4708-b0e0-adfa9c513053'::uuid, '95ad8cd1-1002-454b-85cc-5147f51445f9'::uuid, '68dc95b3-a166-4352-afec-cfe594302a17'::uuid, '2026-06-20'::date, '12:00'::time, 'Heat', 'Rory', false, 63, 61, 104, null, 'Locked', null, null, null, null, 5, 11, 5, 11, null, null, null, null, 95, 120, 115, 100, '3/4', '3/4', '2/3', '3RR', 3.5, 'New tires', 51, 35, 73, 51, 1.75, 2, 1.75, 2, null, null, null, null, null, null, null, null, null, null, 32, 27, 6.1, 30, 7007, 1392, 2, 1392, null, null, null, null, 'RPMs too high. Hitting the chip.', null, null, '2026-06-20T16:38:20.681Z'::timestamptz, '2026-06-20T16:38:20.681Z'::timestamptz),
  ('304bcde9-a400-483b-a122-f9bc98bc0b62'::uuid, target_user_id, '9687184b-b776-4230-a9a5-6f9c0de526cd'::uuid, '88ee8940-2706-480f-b014-24e4bc5fb5ea'::uuid, '68dc95b3-a166-4352-afec-cfe594302a17'::uuid, '2026-06-20'::date, '14:40'::time, 'Main', 'Rory', false, 68, 52, 131, null, 'Locked', null, null, null, null, 5, 12, 7, 12, null, null, null, null, 100, 120, 115, 115, '3', '3', '2/3', '3RR', 3.37, null, 56, 37, 80, 52, 1.75, 2, 1.75, 2, null, null, null, null, null, null, null, null, null, null, 33, 26, 6.44, 63, 5934, 617, 4, 3, null, null, null, null, null, null, null, '2026-06-20T19:35:21.050Z'::timestamptz, '2026-06-20T19:35:21.050Z'::timestamptz),
  ('84225611-66b6-44ec-855a-4fd31927b93d'::uuid, target_user_id, '148b47b5-b8b0-4708-b0e0-adfa9c513053'::uuid, '95ad8cd1-1002-454b-85cc-5147f51445f9'::uuid, '68dc95b3-a166-4352-afec-cfe594302a17'::uuid, '2026-06-20'::date, '16:10'::time, 'Main', 'Rory', false, 71, 50, 132, null, 'Locked', null, null, null, null, 5, 11, 5, 11, null, null, null, null, 95, 120, 115, 100, '3/4', '3/4', '2/3', '3RR', 3.5, null, 51, 35, 73, 51, 1.75, 2, 1.75, 2, null, null, null, null, null, null, null, null, null, null, 33, 27, 6.12, 56, 6764, 1129, 3, 1, null, null, null, null, 'RPM way too low. Too big of a gear change. 

DNF due to accident.', null, null, '2026-06-20T19:40:39.344Z'::timestamptz, '2026-06-20T19:40:39.344Z'::timestamptz),
  ('2cc5ed11-cc0e-4027-992e-df24e8da5fe0'::uuid, target_user_id, '65ffe247-529c-4276-9c88-8cd5c8968cc5'::uuid, '5b1a1ce7-a683-4138-a748-f1bd8cbfb2b4'::uuid, '68dc95b3-a166-4352-afec-cfe594302a17'::uuid, '2026-06-20'::date, '15:20'::time, 'Main', 'Rory', false, 70, 50, 137, null, 'Locked', null, null, null, null, 5, 12, 5, 12, null, null, null, null, 100, 120, 115, 115, '3', '3', '2/3', '3RR', 3.37, null, 51, 33, 76, 47, 1.75, 2, 1.75, 2, null, null, null, null, null, null, null, null, null, null, 34, 26, 6.43, 83, 5827, 463, 5, 2, null, null, null, null, null, null, null, '2026-06-20T19:51:57.684Z'::timestamptz, '2026-06-20T19:51:57.684Z'::timestamptz),
  ('916e8586-138c-4d45-91ca-09ee76f60083'::uuid, target_user_id, '9687184b-b776-4230-a9a5-6f9c0de526cd'::uuid, '88ee8940-2706-480f-b014-24e4bc5fb5ea'::uuid, '68dc95b3-a166-4352-afec-cfe594302a17'::uuid, '2026-06-22'::date, '16:10'::time, 'Practice', 'Rory', false, 82, 39, 132, null, 'Locked', null, null, null, null, 5, 12, 7, 12, null, null, null, null, 100, 120, 115, 115, '3', '3', '2/3', '3RR', 3.25, null, 56, 37, 80, 52, 1.75, 2, 1.75, 2, null, null, null, null, null, null, null, null, null, null, 30, 24, 6.47, 28, 6030, 438, null, null, null, null, null, null, null, null, null, '2026-06-22T23:11:14.538Z'::timestamptz, '2026-06-22T23:11:14.538Z'::timestamptz),
  ('8960edc8-7ccf-451b-b2cd-2b7c72e72dec'::uuid, target_user_id, '9687184b-b776-4230-a9a5-6f9c0de526cd'::uuid, '88ee8940-2706-480f-b014-24e4bc5fb5ea'::uuid, '68dc95b3-a166-4352-afec-cfe594302a17'::uuid, '2026-06-22'::date, '16:55'::time, 'Practice', 'Rory', true, 82, 39, 132, null, 'Locked', null, null, null, null, 5, 12, 7, 12, null, null, null, null, 100, 120, 115, 115, '3', '3', '2/3', '3RR', 3.25, null, 56, 37, 80, 52, 1.75, 2, 1.75, 2, null, null, null, null, null, null, null, null, null, null, 34, 27, 6.45, 20, 6041, 465, null, null, null, null, null, null, null, null, null, '2026-06-22T23:56:57.734Z'::timestamptz, '2026-06-22T23:56:57.734Z'::timestamptz),
  ('ff2c4894-1c32-4727-9b01-a0ded4ae8192'::uuid, target_user_id, '9687184b-b776-4230-a9a5-6f9c0de526cd'::uuid, '88ee8940-2706-480f-b014-24e4bc5fb5ea'::uuid, '68dc95b3-a166-4352-afec-cfe594302a17'::uuid, '2026-06-22'::date, '17:00'::time, 'Practice', 'Rory', false, 82, 39, 132, null, 'Locked', null, null, null, null, 5, 12, 7, 12, null, null, null, null, 100, 120, 115, 115, '3', '3', '2/3', '3RR', 3.25, null, null, null, null, null, 1.75, 2, 1.75, 2, null, null, null, null, null, null, null, null, null, null, 34, 27, 6.45, 20, 5965, 476, null, null, null, null, null, null, null, 'Took out a half turn of cross', null, '2026-06-23T00:01:07.741Z'::timestamptz, '2026-06-23T00:01:07.741Z'::timestamptz),
  ('f7e27dfd-41be-4bee-9d88-8985e241ca15'::uuid, target_user_id, '9687184b-b776-4230-a9a5-6f9c0de526cd'::uuid, '88ee8940-2706-480f-b014-24e4bc5fb5ea'::uuid, '68dc95b3-a166-4352-afec-cfe594302a17'::uuid, '2026-06-22'::date, '17:02'::time, 'Practice', 'Rory', false, 82, 39, 132, null, 'Locked', null, null, null, null, 5, 12, 7, 12, null, null, null, null, 100, 120, 115, 115, '3', '3', '2/3', '3RR', 3.25, null, 56, 37, 80, 52, 1.75, 2, 1.75, 2, null, null, null, null, null, null, null, null, null, null, 34, 27, 6.46, 19, 5988, 505, null, null, null, null, null, null, null, null, null, '2026-06-23T00:12:09.946Z'::timestamptz, '2026-06-23T00:12:09.946Z'::timestamptz),
  ('48f81d67-22a3-4c14-9a31-794043260361'::uuid, target_user_id, '9687184b-b776-4230-a9a5-6f9c0de526cd'::uuid, '88ee8940-2706-480f-b014-24e4bc5fb5ea'::uuid, '68dc95b3-a166-4352-afec-cfe594302a17'::uuid, '2026-06-22'::date, '17:12'::time, 'Practice', 'Rory', false, 82, 39, 132, null, 'Locked', null, null, null, null, 5, 12, 7, 12, null, null, null, null, 100, 120, 115, 115, '3', '3', '2/3', '3RR', 3.25, null, null, null, null, null, 1.75, 2, 1.75, 2, null, null, null, null, null, null, null, null, null, null, 34, 27, 6.49, 11, 5945, 485, null, null, null, null, null, null, null, 'Took a quarter turn of cross out', null, '2026-06-23T00:15:01.770Z'::timestamptz, '2026-06-23T00:15:01.770Z'::timestamptz),
  ('858ad69f-c5e7-4b46-9948-71c3cbb9449c'::uuid, target_user_id, '9687184b-b776-4230-a9a5-6f9c0de526cd'::uuid, '88ee8940-2706-480f-b014-24e4bc5fb5ea'::uuid, '68dc95b3-a166-4352-afec-cfe594302a17'::uuid, '2026-06-22'::date, '17:40'::time, 'Practice', 'Rory', false, 82, 39, null, null, 'Locked', null, null, null, null, 5, 12, 7, 12, null, null, null, null, 100, 120, 115, 115, '3', '3/4', '2/3', '3RR', 3.25, null, 56, 37, 80, 52, 1.75, 2, 1.75, 2, null, null, null, null, null, null, null, null, null, null, 34, 27, 6.47, 20, 5924, 447, null, null, null, null, null, null, null, null, null, '2026-06-23T00:23:34.968Z'::timestamptz, '2026-06-23T00:23:34.968Z'::timestamptz),
  ('563f0ea5-357e-4907-a034-9db5981e7356'::uuid, target_user_id, '9687184b-b776-4230-a9a5-6f9c0de526cd'::uuid, '88ee8940-2706-480f-b014-24e4bc5fb5ea'::uuid, '68dc95b3-a166-4352-afec-cfe594302a17'::uuid, '2026-06-23'::date, '15:40'::time, 'Practice', 'Rory', false, 84, 37, null, null, 'Locked', null, null, null, null, 4.5, 12.5, 7, 13, null, null, null, null, 100, 105, 95, 115, '3', '3', '2/3', '3RR', 3.25, null, 50, 44, 74, 42, 2, 2, 2, 2, null, null, null, null, null, null, null, null, 49.5, 49.5, 34, 27, 6.43, 30, 6002, 505, null, null, null, null, null, null, null, 'Changed springs, panhard, and added half turn of cross.', null, '2026-06-23T01:11:20.589Z'::timestamptz, '2026-06-23T01:11:20.589Z'::timestamptz),
  ('44a81d15-d85e-4b40-b2b6-abfd34d24594'::uuid, target_user_id, '9687184b-b776-4230-a9a5-6f9c0de526cd'::uuid, '88ee8940-2706-480f-b014-24e4bc5fb5ea'::uuid, '68dc95b3-a166-4352-afec-cfe594302a17'::uuid, '2026-06-23'::date, '15:53'::time, 'Practice', 'Rory', false, 84, 37, null, null, 'Locked', null, null, null, null, 5, 11, 5, 11, null, null, null, null, 100, 105, 95, 115, '3', '3', '2/3', '3RR', 3.25, null, null, null, null, null, 2, 2, 2, 2, null, null, null, null, null, null, null, null, 49.5, 49.5, 34, 27, 6.38, 22, 6022, 1239, null, null, null, null, null, null, null, null, null, '2026-06-23T22:50:13.937Z'::timestamptz, '2026-06-23T22:50:13.937Z'::timestamptz),
  ('98966502-eb77-4623-9df7-b81e8439a56c'::uuid, target_user_id, '9687184b-b776-4230-a9a5-6f9c0de526cd'::uuid, '88ee8940-2706-480f-b014-24e4bc5fb5ea'::uuid, '68dc95b3-a166-4352-afec-cfe594302a17'::uuid, '2026-06-23'::date, '16:03'::time, 'Practice', 'Rory', false, 84, 37, null, null, 'Locked', null, null, null, null, 5, 11, 5, 11, null, null, null, null, 100, 105, 95, 115, '3', '3', '2/3', '3RR', 3.25, null, null, null, null, null, null, 2, null, 2, null, null, null, null, null, null, null, null, 49.5, 49.5, 34, 27, 6.41, 21, 6013, 1283, null, null, null, null, null, null, null, 'Lowered left side of car by one full turn of the shock collars.', null, '2026-06-23T23:04:16.054Z'::timestamptz, '2026-06-23T23:04:16.054Z'::timestamptz),
  ('4d7e8038-d0fa-41d1-a7b2-2835644ed531'::uuid, target_user_id, '9687184b-b776-4230-a9a5-6f9c0de526cd'::uuid, '88ee8940-2706-480f-b014-24e4bc5fb5ea'::uuid, '68dc95b3-a166-4352-afec-cfe594302a17'::uuid, '2026-06-23'::date, '16:11'::time, 'Practice', 'Rory', false, 84, 37, null, null, 'Locked', null, null, null, null, 5, 11, 5, 11, null, null, null, null, 100, 105, 95, 115, '3', '3', '2/3', '3RR', 3.25, null, null, null, null, null, 2, 2, 2, 2, null, null, null, null, null, null, null, null, 49.5, 49.5, 34, 27, null, null, null, null, null, null, null, null, null, null, null, null, null, '2026-06-23T23:11:48.058Z'::timestamptz, '2026-06-23T23:11:48.058Z'::timestamptz),
  ('5cfc17c3-b063-478b-a1db-8dd44b953192'::uuid, target_user_id, '65ffe247-529c-4276-9c88-8cd5c8968cc5'::uuid, '926d29cf-6b7c-483a-8e93-d5dc01a38c89'::uuid, '68dc95b3-a166-4352-afec-cfe594302a17'::uuid, '2026-06-23'::date, '17:02'::time, 'Practice', 'Rory', false, null, null, null, null, 'Locked', null, null, null, null, 5, 11, 5, 11, null, null, null, null, 100, 120, 115, 115, '3', '3', '2/3', '3RR', 3.37, null, 51, 33, 76, 47, 1.75, 2, 1.75, 2, null, null, null, null, null, null, null, null, null, null, 34, 26, 6.51, 26, 5626, 365, null, null, null, null, null, null, null, null, null, '2026-06-24T00:03:22.308Z'::timestamptz, '2026-06-24T00:03:22.308Z'::timestamptz),
  ('a8ca481b-edae-463a-a1ee-be7e9295c299'::uuid, target_user_id, '65ffe247-529c-4276-9c88-8cd5c8968cc5'::uuid, '926d29cf-6b7c-483a-8e93-d5dc01a38c89'::uuid, '68dc95b3-a166-4352-afec-cfe594302a17'::uuid, '2026-06-23'::date, '17:15'::time, 'Practice', 'Rory', false, 86, 32, 105, null, 'Locked', null, null, null, null, 5, 11, 5, 11, null, null, null, null, 100, 120, 115, 115, '3', '3', '2/3', '3RR', 3.37, null, 51, 33, 76, 47, 1.75, 2, 1.75, 2, null, null, null, null, null, null, null, null, null, null, 33, 26, 6.55, 27, 5804, 369, null, null, null, null, null, null, null, null, null, '2026-06-24T00:24:50.433Z'::timestamptz, '2026-06-24T00:24:50.433Z'::timestamptz),
  ('038a1e28-6304-4291-a106-a15f9fbaf979'::uuid, target_user_id, '65ffe247-529c-4276-9c88-8cd5c8968cc5'::uuid, '5b1a1ce7-a683-4138-a748-f1bd8cbfb2b4'::uuid, '68dc95b3-a166-4352-afec-cfe594302a17'::uuid, '2026-06-23'::date, '17:49'::time, 'Practice', 'Rory', false, 62, 61, 115, null, 'Locked', null, null, null, null, 5, 12, 6.5, 12, null, null, null, null, 100, 120, 115, 115, '3', '3', '2/3', '3RR', 3.37, null, 51, 33, 76, 47, 1.75, 2, 1.75, 2, null, null, null, null, null, null, null, null, null, null, 33, 26, 6.55, 26, 5839, 408, null, null, null, null, null, null, null, null, null, '2026-06-24T00:57:53.149Z'::timestamptz, '2026-06-24T00:57:53.149Z'::timestamptz),
  ('e0b78170-d1ba-447d-b2d3-f7e8f21d591f'::uuid, target_user_id, '65ffe247-529c-4276-9c88-8cd5c8968cc5'::uuid, '5b1a1ce7-a683-4138-a748-f1bd8cbfb2b4'::uuid, '68dc95b3-a166-4352-afec-cfe594302a17'::uuid, '2026-06-23'::date, '18:01'::time, 'Practice', 'Rory', false, 62, 61, 115, null, 'Locked', null, null, null, null, 5, 12, 6.5, 12, null, null, null, null, 100, 120, 115, 115, '3', '3', '2/3', '3RR', 3.37, null, 51, 33, 76, 47, 1.75, 2, 1.75, 2, null, null, null, null, null, null, null, null, null, null, 32, 26, 6.4, 25, 6017, 546, null, null, null, null, null, null, null, 'Took the jr restrictor plate out', null, '2026-06-24T01:02:58.379Z'::timestamptz, '2026-06-24T01:02:58.379Z'::timestamptz),
  ('6c6d28be-6797-4a96-8d36-1de94c4e84d3'::uuid, target_user_id, '65ffe247-529c-4276-9c88-8cd5c8968cc5'::uuid, '5b1a1ce7-a683-4138-a748-f1bd8cbfb2b4'::uuid, '68dc95b3-a166-4352-afec-cfe594302a17'::uuid, '2026-06-23'::date, '18:44'::time, 'Practice', 'Rory', false, 62, 61, 115, null, 'Locked', null, null, null, null, 5, 12, 6.5, 12, null, null, null, null, 100, 120, 115, 115, '3', '3', '2/3', '3RR', 3.37, null, 51, 33, 76, 47, 1.75, 2, 1.75, 2, null, null, null, null, null, null, null, null, null, null, 34, 26, 6.35, 16, 5875, 452, null, null, null, null, null, null, null, null, null, '2026-06-24T01:46:04.846Z'::timestamptz, '2026-06-24T01:46:04.846Z'::timestamptz),
  ('e08f6c7d-e417-47ab-a5f7-55d5250b467c'::uuid, target_user_id, '65ffe247-529c-4276-9c88-8cd5c8968cc5'::uuid, '926d29cf-6b7c-483a-8e93-d5dc01a38c89'::uuid, 'dc1d3f8c-61cf-4c2a-a81a-f791e9a200c4'::uuid, '2026-06-26'::date, '10:50'::time, 'Practice', 'Rory', false, 63, 72, null, null, 'Locked', null, null, null, null, 5, 11, 5, 11, null, null, null, null, 100, 120, 115, 115, '3', '3', '2/3', '3RR', 3.5, null, null, null, null, null, 2, 2, 2, 2, null, null, null, null, null, null, null, null, 49.5, 49.68, 34, 26, 6.68, 24, 5821, 448, null, null, null, null, null, null, null, 'Put in half turn of cross', null, '2026-06-26T01:50:10.820Z'::timestamptz, '2026-06-26T01:50:10.820Z'::timestamptz),
  ('76db1560-9f96-4cab-bf5a-a5374d938bb2'::uuid, target_user_id, '148b47b5-b8b0-4708-b0e0-adfa9c513053'::uuid, '95ad8cd1-1002-454b-85cc-5147f51445f9'::uuid, 'dc1d3f8c-61cf-4c2a-a81a-f791e9a200c4'::uuid, '2026-06-26'::date, '09:00'::time, 'Practice', 'Rory', false, 63, 72, null, null, 'Locked', null, null, null, null, 5, 11, 5, 11, null, null, null, null, 95, 120, 115, 100, '3/4', '3/4', '2/3', '3RR', 3.5, null, 52, 34, 72, 52, 1.75, 2, 1.75, 2, null, null, null, null, null, null, null, null, null, null, 32, 26, 6.47, 28, 6911, 1638, null, null, null, null, null, null, null, null, null, '2026-06-26T02:36:00.651Z'::timestamptz, '2026-06-26T02:36:00.651Z'::timestamptz),
  ('ea2940a3-ff1c-42e2-a902-3983560ec555'::uuid, target_user_id, '9687184b-b776-4230-a9a5-6f9c0de526cd'::uuid, '88ee8940-2706-480f-b014-24e4bc5fb5ea'::uuid, 'dc1d3f8c-61cf-4c2a-a81a-f791e9a200c4'::uuid, '2026-06-26'::date, '11:17'::time, 'Practice', 'Rory', false, 63, 72, null, null, 'Locked', null, null, null, null, 5, 11, 5, 11, null, null, null, null, 100, 105, 95, 115, '3', '3', '2/3', '3RR', 3.25, null, null, null, null, null, 2, 2, 2, 2, null, null, null, null, null, null, null, null, 49.5, 49.5, 34, 27, 6.69, 31, 6062, 2049, null, null, null, null, null, null, null, null, 'Gear change', '2026-06-26T03:46:36.638Z'::timestamptz, '2026-06-26T03:46:36.638Z'::timestamptz),
  ('e58f1a28-f7d7-4f03-9500-61b454540892'::uuid, target_user_id, '9687184b-b776-4230-a9a5-6f9c0de526cd'::uuid, '88ee8940-2706-480f-b014-24e4bc5fb5ea'::uuid, 'dc1d3f8c-61cf-4c2a-a81a-f791e9a200c4'::uuid, '2026-06-26'::date, '12:40'::time, 'Practice', 'Rory', false, 63, 72, null, null, 'Locked', null, null, null, null, 5, 11, 5, 11, null, null, null, null, 100, 105, 95, 115, '3', '3', '2/3', '3RR', 3.25, null, null, null, null, null, 2, 2, 2, 2, null, null, null, null, null, null, null, null, 49.5, 49.5, 34, 26, 6.67, 29, 5877, 531, null, null, null, null, null, null, null, null, 'Gear change', '2026-06-26T19:41:18.898Z'::timestamptz, '2026-06-26T19:41:18.898Z'::timestamptz),
  ('0166b1c2-e608-4e46-95db-93a27f004ff7'::uuid, target_user_id, '65ffe247-529c-4276-9c88-8cd5c8968cc5'::uuid, '926d29cf-6b7c-483a-8e93-d5dc01a38c89'::uuid, 'dc1d3f8c-61cf-4c2a-a81a-f791e9a200c4'::uuid, '2026-06-26'::date, '13:19'::time, 'Practice', 'Rory', false, 63, 72, null, null, 'Locked', null, null, null, null, 5, 11, 5, 11, null, null, null, null, 100, 105, 95, 115, '3', '3', '2/3', '3RR', 3.5, null, null, null, null, null, 2, 2, 2, 2, null, null, null, null, null, null, null, null, 49.5, 49.68, 34, 26, 6.65, 33, 5808, 501, null, null, null, null, null, null, null, null, null, '2026-06-26T20:19:42.624Z'::timestamptz, '2026-06-26T20:19:42.624Z'::timestamptz),
  ('c8b6d4aa-3d8f-4d6a-82a9-dfefb9c58fa7'::uuid, target_user_id, '148b47b5-b8b0-4708-b0e0-adfa9c513053'::uuid, '95ad8cd1-1002-454b-85cc-5147f51445f9'::uuid, 'dc1d3f8c-61cf-4c2a-a81a-f791e9a200c4'::uuid, '2026-06-26'::date, '13:42'::time, 'Practice', 'Rory', false, 63, 72, null, null, 'Locked', null, null, null, null, 5, 11, 5, 11, null, null, null, null, 95, 120, 115, 100, '3/4', '3/4', '2/3', '3RR', 3.5, null, null, null, null, null, 1.75, 2, 1.75, 2, null, null, null, null, null, null, null, null, null, null, 33, 27, 6.38, 23, 6867, 1280, null, null, null, null, null, null, 'Seemed smoother handling', 'Added a quarter turn of cross. Gear change.', 'Gear change.', '2026-06-26T20:44:40.789Z'::timestamptz, '2026-06-26T20:44:40.789Z'::timestamptz),
  ('2cd2975a-1518-49ec-81b5-f2c8e532a469'::uuid, target_user_id, '65ffe247-529c-4276-9c88-8cd5c8968cc5'::uuid, '926d29cf-6b7c-483a-8e93-d5dc01a38c89'::uuid, 'dc1d3f8c-61cf-4c2a-a81a-f791e9a200c4'::uuid, '2026-06-26'::date, '14:14'::time, 'Practice', 'Rory', false, 63, 72, null, null, 'Locked', null, null, null, null, 5, 11, 5, 11, null, null, null, null, 100, 105, 95, 115, '3', '3', '2/3', '3RR', 3.5, null, null, null, null, null, 2, 2, 2, 2, null, null, null, null, null, null, null, null, 49.5, 49.68, 34, 26, 6.64, 24, 5833, 468, null, null, null, null, null, null, null, 'Took half turn of cross back out', null, '2026-06-26T21:15:55.810Z'::timestamptz, '2026-06-26T21:15:55.810Z'::timestamptz),
  ('ac76c885-a97c-4ecb-baa3-3446bf4cdf86'::uuid, target_user_id, '65ffe247-529c-4276-9c88-8cd5c8968cc5'::uuid, '926d29cf-6b7c-483a-8e93-d5dc01a38c89'::uuid, 'dc1d3f8c-61cf-4c2a-a81a-f791e9a200c4'::uuid, '2026-06-26'::date, '17:51'::time, 'Practice', 'Rory', false, 61, 75, null, null, 'Locked', null, null, null, null, 5, 11, 5, 11, null, null, null, null, 100, 110, 95, 115, '3', '3', '2/3', '3RR', 3.5, null, null, null, null, null, 2, 2, 2, 2, null, null, null, null, null, null, null, null, 49.5, 49.68, 34, 26, 6.64, 52, 5891, 445, null, null, null, null, null, null, null, 'RF spring change.', null, '2026-06-26T23:47:43.006Z'::timestamptz, '2026-06-26T23:47:43.006Z'::timestamptz),
  ('51637b07-5d59-4e2e-8304-e3eaa6cb6d02'::uuid, target_user_id, '148b47b5-b8b0-4708-b0e0-adfa9c513053'::uuid, '95ad8cd1-1002-454b-85cc-5147f51445f9'::uuid, 'dc1d3f8c-61cf-4c2a-a81a-f791e9a200c4'::uuid, '2026-06-26'::date, '16:57'::time, 'Practice', 'Rory', false, 63, 72, null, null, 'Locked', null, null, null, null, 5, 11, 5, 11, null, null, null, null, 95, 120, 115, 100, '3/4', '3/4', '2/3', '3RR', 3.5, null, null, null, null, null, 1.75, 2, 1.75, 2, null, null, null, null, null, null, null, null, null, null, 31, 26, 6.3, 28, 7070, 2425, null, null, null, null, null, null, null, null, null, '2026-06-26T23:58:49.774Z'::timestamptz, '2026-06-26T23:58:49.774Z'::timestamptz),
  ('02d3cf7a-b7fe-4f61-89ee-271c21c6a50a'::uuid, target_user_id, '9687184b-b776-4230-a9a5-6f9c0de526cd'::uuid, '88ee8940-2706-480f-b014-24e4bc5fb5ea'::uuid, 'dc1d3f8c-61cf-4c2a-a81a-f791e9a200c4'::uuid, '2026-06-26'::date, '17:31'::time, 'Practice', 'Rory', false, 61, 75, null, null, 'Locked', null, null, null, null, 5, 11, 5, 11, null, null, null, null, 100, 105, 95, 115, '3', '3', '2/3', '3RR', 3.25, null, null, null, null, null, 2, 2, 2, 2, null, null, null, null, null, null, null, null, 49.5, 49.5, 33, 26, 6.72, 38, 6008, 641, null, null, null, null, null, null, null, null, null, '2026-06-27T00:00:41.956Z'::timestamptz, '2026-06-27T00:00:41.956Z'::timestamptz),
  ('9d5949aa-2d96-4019-a681-866af8c79e5d'::uuid, target_user_id, '9687184b-b776-4230-a9a5-6f9c0de526cd'::uuid, '88ee8940-2706-480f-b014-24e4bc5fb5ea'::uuid, 'dc1d3f8c-61cf-4c2a-a81a-f791e9a200c4'::uuid, '2026-06-27'::date, '12:00'::time, 'Heat', 'Rory', false, 59, 72, null, null, 'Locked', null, null, null, null, 5, 11, 5, 11, null, null, null, null, 100, 110, 95, 115, '3', '3', '2/3', '3RR', 3.625, null, 53, 41, 68, 47, 2, 2, 2, 2, null, null, null, null, null, null, null, null, 49.5, 49.5, 33, 26, 6.68, 71, 5960, 539, 6, 5, null, null, null, null, null, null, null, '2026-06-27T01:53:50.028Z'::timestamptz, '2026-06-27T01:53:50.028Z'::timestamptz),
  ('ac9924e3-d3bf-4978-9733-a56adf95bf00'::uuid, target_user_id, '65ffe247-529c-4276-9c88-8cd5c8968cc5'::uuid, '926d29cf-6b7c-483a-8e93-d5dc01a38c89'::uuid, 'dc1d3f8c-61cf-4c2a-a81a-f791e9a200c4'::uuid, '2026-06-27'::date, '13:11'::time, 'Heat', 'Rory', false, 64, 60, null, null, 'Locked', null, null, null, null, 5, 11, 5, 11, null, null, null, null, 100, 110, 95, 115, '3', '3', '2/3', '3RR', 3.375, null, 56, 39, 65, 46, 2, 2, 2, 2, null, null, null, null, null, null, null, null, 49.5, 49.68, 34, 26, 6.64, 75, 5908, 464, 6, 3, null, null, null, null, null, null, null, '2026-06-27T01:54:18.281Z'::timestamptz, '2026-06-27T01:54:18.281Z'::timestamptz),
  ('ee07ee09-0723-43d5-be39-d21a552d56e3'::uuid, target_user_id, '148b47b5-b8b0-4708-b0e0-adfa9c513053'::uuid, '95ad8cd1-1002-454b-85cc-5147f51445f9'::uuid, 'dc1d3f8c-61cf-4c2a-a81a-f791e9a200c4'::uuid, '2026-06-27'::date, '12:00'::time, 'Heat', 'Rory', false, 63, 72, null, null, 'Locked', null, null, null, null, 5, 11, 5, 11, null, null, null, null, 95, 120, 115, 100, '3/4', '3/4', '2/3', '3RR', 3.5, null, 52, 38, 77, 52, 1.75, 2, 1.75, 2, null, null, null, null, null, null, null, null, null, null, 31, 26, 6.27, 41, 7066, 2410, 3, 7, null, null, null, null, null, null, 'Gear change', '2026-06-27T01:54:59.872Z'::timestamptz, '2026-06-27T01:54:59.872Z'::timestamptz),
  ('fc4558a7-08a8-4b0d-88f8-0dc654c35ae4'::uuid, target_user_id, '148b47b5-b8b0-4708-b0e0-adfa9c513053'::uuid, '95ad8cd1-1002-454b-85cc-5147f51445f9'::uuid, 'dc1d3f8c-61cf-4c2a-a81a-f791e9a200c4'::uuid, '2026-06-28'::date, '13:15'::time, 'Main', 'Rory', false, 62, 72, null, null, 'Locked', null, null, null, null, 5, 11, 5, 11, null, null, null, null, 95, 120, 115, 100, '3/4', '3/4', '2/3', '3RR', 3.5, null, 52, 38, 77, 52, 1.5, 2, 1.5, 2, null, null, null, null, null, null, null, null, 49.5, 49.625, 35, 29, 6.2, 61, 7061, 2698, 7, 3, null, null, null, null, null, 'Gear change. Reset wheelbase. Replaced bent front panhard.', null, '2026-06-28T01:20:05.625Z'::timestamptz, '2026-06-28T01:20:05.625Z'::timestamptz),
  ('b93ea707-0fa5-4d19-8437-b23cb2c1bfc8'::uuid, target_user_id, '9687184b-b776-4230-a9a5-6f9c0de526cd'::uuid, '88ee8940-2706-480f-b014-24e4bc5fb5ea'::uuid, 'dc1d3f8c-61cf-4c2a-a81a-f791e9a200c4'::uuid, '2026-06-28'::date, '11:29'::time, 'Main', 'Rory', false, 60, 78, null, null, 'Locked', null, null, null, null, 5, 11, 5, 11, null, null, null, null, 100, 110, 95, 115, '3', '3', '2/3', '3RR', 3.625, null, 53, 41, 68, 47, 2, 2, 2, 2, null, null, null, null, null, null, null, null, 49.5, 49.5, 33, 26, 6.62, 103, 6041, 479, 1, 2, null, null, null, null, null, null, null, '2026-06-28T18:29:57.860Z'::timestamptz, '2026-06-28T18:29:57.860Z'::timestamptz),
  ('54537ee0-81b3-426a-a9a9-5a07698c262b'::uuid, target_user_id, '65ffe247-529c-4276-9c88-8cd5c8968cc5'::uuid, '926d29cf-6b7c-483a-8e93-d5dc01a38c89'::uuid, 'dc1d3f8c-61cf-4c2a-a81a-f791e9a200c4'::uuid, '2026-06-28'::date, '12:30'::time, 'Main', 'Rory', false, 62, 73, null, null, 'Locked', null, null, null, null, 5, 11, 5, 11, null, null, null, null, 100, 110, 95, 115, '3', '3', '2/3', '3RR', 3.375, null, 56, 39, 65, 46, 2, 2, 2, 2, null, null, null, null, null, null, null, null, 49.5, 49.68, 34, 26, 6.57, 47, 5920, 545, 1, 2, null, null, null, null, null, null, null, '2026-06-28T19:38:03.901Z'::timestamptz, '2026-06-28T19:38:03.901Z'::timestamptz)
  on conflict (id) do update set
    car_id = excluded.car_id,
    engine_id = excluded.engine_id,
    track_id = excluded.track_id,
    session_date = excluded.session_date,
    session_time = excluded.session_time,
    session_type = excluded.session_type,
    driver = excluded.driver,
    is_baseline = excluded.is_baseline,
    air_temp = excluded.air_temp,
    humidity = excluded.humidity,
    track_temp = excluded.track_temp,
    track_condition = excluded.track_condition,
    lr_hub = excluded.lr_hub,
    lf_tire_compound = excluded.lf_tire_compound,
    rf_tire_compound = excluded.rf_tire_compound,
    lr_tire_compound = excluded.lr_tire_compound,
    rr_tire_compound = excluded.rr_tire_compound,
    lf_psi = excluded.lf_psi,
    rf_psi = excluded.rf_psi,
    lr_psi = excluded.lr_psi,
    rr_psi = excluded.rr_psi,
    lf_offset = excluded.lf_offset,
    rf_offset = excluded.rf_offset,
    lr_offset = excluded.lr_offset,
    rr_offset = excluded.rr_offset,
    lf_spring_rate = excluded.lf_spring_rate,
    rf_spring_rate = excluded.rf_spring_rate,
    lr_spring_rate = excluded.lr_spring_rate,
    rr_spring_rate = excluded.rr_spring_rate,
    lf_shock_valving = excluded.lf_shock_valving,
    rf_shock_valving = excluded.rf_shock_valving,
    lr_shock_valving = excluded.lr_shock_valving,
    rr_shock_valving = excluded.rr_shock_valving,
    stagger = excluded.stagger,
    tire_notes = excluded.tire_notes,
    lf_weight = excluded.lf_weight,
    rf_weight = excluded.rf_weight,
    lr_weight = excluded.lr_weight,
    rr_weight = excluded.rr_weight,
    lf_ride_height = excluded.lf_ride_height,
    rf_ride_height = excluded.rf_ride_height,
    lr_ride_height = excluded.lr_ride_height,
    rr_ride_height = excluded.rr_ride_height,
    lf_camber = excluded.lf_camber,
    rf_camber = excluded.rf_camber,
    lf_caster = excluded.lf_caster,
    rf_caster = excluded.rf_caster,
    lf_panhard_holes = excluded.lf_panhard_holes,
    rf_panhard_holes = excluded.rf_panhard_holes,
    lr_panhard_holes = excluded.lr_panhard_holes,
    rr_panhard_holes = excluded.rr_panhard_holes,
    left_wheelbase = excluded.left_wheelbase,
    right_wheelbase = excluded.right_wheelbase,
    engine_gear = excluded.engine_gear,
    axle_gear = excluded.axle_gear,
    lap_time = excluded.lap_time,
    total_laps = excluded.total_laps,
    average_rpm = excluded.average_rpm,
    average_drops = excluded.average_drops,
    start_position = excluded.start_position,
    end_position = excluded.end_position,
    lf_tire_temp = excluded.lf_tire_temp,
    rf_tire_temp = excluded.rf_tire_temp,
    lr_tire_temp = excluded.lr_tire_temp,
    rr_tire_temp = excluded.rr_tire_temp,
    handling = excluded.handling,
    changes = excluded.changes,
    next_time = excluded.next_time,
    created_at = excluded.created_at,
    updated_at = excluded.updated_at;

end $$;

commit;
